Workbook

Sheet TongHop
A1: TỔNG HỢP CÔNG NỢ - TRUNG KIÊN
A2: ="Cập nhật theo ngày máy: "&TEXT(TODAY(),"dd/mm/yyyy") -> Cập nhật theo ngày máy: 29/10/2026
A4: Tổng số đơn hàng | B4: =COUNTA(DonHang!A2:A500) -> 4
A5: Tổng phải thu (đã gồm VAT) | B5: =SUM(DonHang!N2:N500) -> 315252000
A6: Đã thu | B6: =SUM(DonHang!O2:O500) -> 130356000
A7: CÒN NỢ (khách còn phải trả) | B7: =SUM(DonHang!P2:P500) -> 184896000
A8: Trong đó quá hạn | B8: =SUMIFS(DonHang!P2:P500,DonHang!R2:R500,">0") -> 0
A9: Đơn đã giao nhưng CHƯA xuất HĐ | B9: =SUMPRODUCT((DonHang!A2:A500<>"")*(DonHang!F2:F500="Đã giao")*(DonHang!H2:H500<>"Đã xuất")) -> 0
A10: Đơn đã xuất HĐ nhưng chưa giao | B10: =SUMPRODUCT((DonHang!A2:A500<>"")*(DonHang!H2:H500="Đã xuất")*(DonHang!F2:F500="Chưa giao")) -> 0
A11: Đơn chưa cập nhật giao hàng | B11: =SUMPRODUCT((DonHang!A2:A500<>"")*(DonHang!F2:F500="")) -> 3
A12: Đơn chưa thu đủ tiền | B12: =COUNTIF(DonHang!P2:P500,">0") -> 3
A14: Xem chi tiết: sheet DonHang (cột 'Cần làm' tô màu), KhachHang (công nợ từng khách).

Sheet DonHang
A1: Mã đơn | B1: Ngày đơn | C1: Khách hàng | D1: MST | E1: Nội dung đơn / Số báo giá, hợp đồng | F1: Giao hàng | G1: Ngày giao | H1: Xuất hóa đơn | I1: Số hóa đơn | J1: Ngày hóa đơn | K1: Tiền hàng (chưa VAT) | L1: VAT % (trống = 8%) | M1: Tiền VAT | N1: Tổng phải thu | O1: Đã thu | P1: Còn nợ | Q1: Hạn thanh toán | R1: Quá hạn (ngày) | S1: Tình trạng thu tiền | T1: Cần làm | U1: Ghi chú
A2: ĐH-2610-001 | B2: 46300 | C2: CÔNG TY CỔ PHẦN CÔNG NGHỆ FATA | D2: =IF(C2="","",IFERROR(VLOOKUP(C2,KhachHang!$A$2:$B$200,2,FALSE())&"","")) -> 2601102666 | E2: Hợp đồng HĐKT102026-TK-H + Phụ lục 01 | F2: Đã giao | H2: Đã xuất | I2: 00002771 | J2: 46312 | K2: =IF(A2="","",SUMIFS(ChiTiet!$I$2:$I$2000,ChiTiet!$A$2:$A$2000,A2)) -> 269600000 | M2: =IF(A2="","",ROUND(K2*IF(L2="",0.08,L2),0)) -> 21568000 | N2: =IF(A2="","",K2+M2) -> 291168000 | O2: =IF(A2="","",SUMIFS(ThuTien!$D$2:$D$2000,ThuTien!$B$2:$B$2000,A2)) -> 130356000 | P2: =IF(A2="","",N2-O2) -> 160812000 | Q2: 46343 | R2: =IF(A2="","",IF(AND(Q2<>"",P2>0,TODAY()>Q2),TODAY()-Q2,0)) -> 0 | S2: =IF(A2="","",IF(N2=0,"Chưa có tiền hàng",IF(P2<0,"Thu thừa",IF(P2=0,"Đã thu đủ",IF(O2>0,"Thu một phần","Chưa thu"))))) -> Thu một phần | T2: =IF(A2="","",IF(AND(F2="Đã giao",H2<>"Đã xuất"),"Đã giao - CHƯA XUẤT HĐ",IF(AND(H2="Đã xuất",F2="Chưa giao"),"Đã xuất HĐ - chưa giao",IF(F2="","Chưa cập nhật giao hàng",IF(R2>0,"Quá hạn "&R2&" ngày - đòi tiền",IF(P2>0,"Chờ thu tiền",IF(P2<0,"Kiểm tra thu thừa",IF(AND(F2="Đã giao",H2="Đã xuất"),"Hoàn tất","Theo dõi")))))))) -> Chờ thu tiền | U2: VÍ DỤ thật: hạn 17/11/2026 theo công nợ của FATA
A3: ĐH-2610-002 | B3: 46322 | C3: CÔNG TY TNHH HOÀNG VIÊN QUẢNG BÁ | D3: =IF(C3="","",IFERROR(VLOOKUP(C3,KhachHang!$A$2:$B$200,2,FALSE())&"","")) -> 0100143403 | E3: Báo giá BG-28102026-006 | K3: =IF(A3="","",SUMIFS(ChiTiet!$I$2:$I$2000,ChiTiet!$A$2:$A$2000,A3)) -> 11600000 | M3: =IF(A3="","",ROUND(K3*IF(L3="",0.08,L3),0)) -> 928000 | N3: =IF(A3="","",K3+M3) -> 12528000 | O3: =IF(A3="","",SUMIFS(ThuTien!$D$2:$D$2000,ThuTien!$B$2:$B$2000,A3)) -> 0 | P3: =IF(A3="","",N3-O3) -> 12528000 | R3: =IF(A3="","",IF(AND(Q3<>"",P3>0,TODAY()>Q3),TODAY()-Q3,0)) -> 0 | S3: =IF(A3="","",IF(N3=0,"Chưa có tiền hàng",IF(P3<0,"Thu thừa",IF(P3=0,"Đã thu đủ",IF(O3>0,"Thu một phần","Chưa thu"))))) -> Chưa thu | T3: =IF(A3="","",IF(AND(F3="Đã giao",H3<>"Đã xuất"),"Đã giao - CHƯA XUẤT HĐ",IF(AND(H3="Đã xuất",F3="Chưa giao"),"Đã xuất HĐ - chưa giao",IF(F3="","Chưa cập nhật giao hàng",IF(R3>0,"Quá hạn "&R3&" ngày - đòi tiền",IF(P3>0,"Chờ thu tiền",IF(P3<0,"Kiểm tra thu thừa",IF(AND(F3="Đã giao",H3="Đã xuất"),"Hoàn tất","Theo dõi")))))))) -> Chưa cập nhật giao hàng | U3: VÍ DỤ: chưa cập nhật giao hàng, xuất HĐ, thu tiền
A4: ĐH-2609-001 | C4: CÔNG TY TNHH TIẾN ĐẠI | D4: =IF(C4="","",IFERROR(VLOOKUP(C4,KhachHang!$A$2:$B$200,2,FALSE())&"","")) -> 0200447853 | E4: Hóa đơn 00002469 (hợp đồng + biên bản giao nhận đang làm) | H4: Đã xuất | I4: 00002469 | J4: 46283 | K4: =IF(A4="","",SUMIFS(ChiTiet!$I$2:$I$2000,ChiTiet!$A$2:$A$2000,A4)) -> 10700000 | M4: =IF(A4="","",ROUND(K4*IF(L4="",0.08,L4),0)) -> 856000 | N4: =IF(A4="","",K4+M4) -> 11556000 | O4: =IF(A4="","",SUMIFS(ThuTien!$D$2:$D$2000,ThuTien!$B$2:$B$2000,A4)) -> 0 | P4: =IF(A4="","",N4-O4) -> 11556000 | R4: =IF(A4="","",IF(AND(Q4<>"",P4>0,TODAY()>Q4),TODAY()-Q4,0)) -> 0 | S4: =IF(A4="","",IF(N4=0,"Chưa có tiền hàng",IF(P4<0,"Thu thừa",IF(P4=0,"Đã thu đủ",IF(O4>0,"Thu một phần","Chưa thu"))))) -> Chưa thu | T4: =IF(A4="","",IF(AND(F4="Đã giao",H4<>"Đã xuất"),"Đã giao - CHƯA XUẤT HĐ",IF(AND(H4="Đã xuất",F4="Chưa giao"),"Đã xuất HĐ - chưa giao",IF(F4="","Chưa cập nhật giao hàng",IF(R4>0,"Quá hạn "&R4&" ngày - đòi tiền",IF(P4>0,"Chờ thu tiền",IF(P4<0,"Kiểm tra thu thừa",IF(AND(F4="Đã giao",H4="Đã xuất"),"Hoàn tất","Theo dõi")))))))) -> Chưa cập nhật giao hàng | U4: VÍ DỤ: chưa cập nhật giao hàng và số đã thu
A5: ĐH-2610-003 | C5: Công ty TNHH vật tư thiết bị Thu Liên | D5: =IF(C5="","",IFERROR(VLOOKUP(C5,KhachHang!$A$2:$B$200,2,FALSE())&"","")) | E5: Đơn hàng Dương Kính (phiếu xuất kho) | K5: =IF(A5="","",SUMIFS(ChiTiet!$I$2:$I$2000,ChiTiet!$A$2:$A$2000,A5)) -> 0 | M5: =IF(A5="","",ROUND(K5*IF(L5="",0.08,L5),0)) -> 0 | N5: =IF(A5="","",K5+M5) -> 0 | O5: =IF(A5="","",SUMIFS(ThuTien!$D$2:$D$2000,ThuTien!$B$2:$B$2000,A5)) -> 0 | P5: =IF(A5="","",N5-O5) -> 0 | R5: =IF(A5="","",IF(AND(Q5<>"",P5>0,TODAY()>Q5),TODAY()-Q5,0)) -> 0 | S5: =IF(A5="","",IF(N5=0,"Chưa có tiền hàng",IF(P5<0,"Thu thừa",IF(P5=0,"Đã thu đủ",IF(O5>0,"Thu một phần","Chưa thu"))))) -> Chưa có tiền hàng | T5: =IF(A5="","",IF(AND(F5="Đã giao",H5<>"Đã xuất"),"Đã giao - CHƯA XUẤT HĐ",IF(AND(H5="Đã xuất",F5="Chưa giao"),"Đã xuất HĐ - chưa giao",IF(F5="","Chưa cập nhật giao hàng",IF(R5>0,"Quá hạn "&R5&" ngày - đòi tiền",IF(P5>0,"Chờ thu tiền",IF(P5<0,"Kiểm tra thu thừa",IF(AND(F5="Đã giao",H5="Đã xuất"),"Hoàn tất","Theo dõi")))))))) -> Chưa cập nhật giao hàng | U5: VÍ DỤ: chưa có đơn giá
D6: =IF(C6="","",IFERROR(VLOOKUP(C6,KhachHang!$A$2:$B$200,2,FALSE())&"","")) | K6: =IF(A6="","",SUMIFS(ChiTiet!$I$2:$I$2000,ChiTiet!$A$2:$A$2000,A6)) | M6: =IF(A6="","",ROUND(K6*IF(L6="",0.08,L6),0)) | N6: =IF(A6="","",K6+M6) | O6: =IF(A6="","",SUMIFS(ThuTien!$D$2:$D$2000,ThuTien!$B$2:$B$2000,A6)) | P6: =IF(A6="","",N6-O6) | R6: =IF(A6="","",IF(AND(Q6<>"",P6>0,TODAY()>Q6),TODAY()-Q6,0)) | S6: =IF(A6="","",IF(N6=0,"Chưa có tiền hàng",IF(P6<0,"Thu thừa",IF(P6=0,"Đã thu đủ",IF(O6>0,"Thu một phần","Chưa thu"))))) | T6: =IF(A6="","",IF(AND(F6="Đã giao",H6<>"Đã xuất"),"Đã giao - CHƯA XUẤT HĐ",IF(AND(H6="Đã xuất",F6="Chưa giao"),"Đã xuất HĐ - chưa giao",IF(F6="","Chưa cập nhật giao hàng",IF(R6>0,"Quá hạn "&R6&" ngày - đòi tiền",IF(P6>0,"Chờ thu tiền",IF(P6<0,"Kiểm tra thu thừa",IF(AND(F6="Đã giao",H6="Đã xuất"),"Hoàn tất","Theo dõi"))))))))
D7: =IF(C7="","",IFERROR(VLOOKUP(C7,KhachHang!$A$2:$B$200,2,FALSE())&"","")) | K7: =IF(A7="","",SUMIFS(ChiTiet!$I$2:$I$2000,ChiTiet!$A$2:$A$2000,A7)) | M7: =IF(A7="","",ROUND(K7*IF(L7="",0.08,L7),0)) | N7: =IF(A7="","",K7+M7) | O7: =IF(A7="","",SUMIFS(ThuTien!$D$2:$D$2000,ThuTien!$B$2:$B$2000,A7)) | P7: =IF(A7="","",N7-O7) | R7: =IF(A7="","",IF(AND(Q7<>"",P7>0,TODAY()>Q7),TODAY()-Q7,0)) | S7: =IF(A7="","",IF(N7=0,"Chưa có tiền hàng",IF(P7<0,"Thu thừa",IF(P7=0,"Đã thu đủ",IF(O7>0,"Thu một phần","Chưa thu"))))) | T7: =IF(A7="","",IF(AND(F7="Đã giao",H7<>"Đã xuất"),"Đã giao - CHƯA XUẤT HĐ",IF(AND(H7="Đã xuất",F7="Chưa giao"),"Đã xuất HĐ - chưa giao",IF(F7="","Chưa cập nhật giao hàng",IF(R7>0,"Quá hạn "&R7&" ngày - đòi tiền",IF(P7>0,"Chờ thu tiền",IF(P7<0,"Kiểm tra thu thừa",IF(AND(F7="Đã giao",H7="Đã xuất"),"Hoàn tất","Theo dõi"))))))))
D8: =IF(C8="","",IFERROR(VLOOKUP(C8,KhachHang!$A$2:$B$200,2,FALSE())&"","")) | K8: =IF(A8="","",SUMIFS(ChiTiet!$I$2:$I$2000,ChiTiet!$A$2:$A$2000,A8)) | M8: =IF(A8="","",ROUND(K8*IF(L8="",0.08,L8),0)) | N8: =IF(A8="","",K8+M8) | O8: =IF(A8="","",SUMIFS(ThuTien!$D$2:$D$2000,ThuTien!$B$2:$B$2000,A8)) | P8: =IF(A8="","",N8-O8) | R8: =IF(A8="","",IF(AND(Q8<>"",P8>0,TODAY()>Q8),TODAY()-Q8,0)) | S8: =IF(A8="","",IF(N8=0,"Chưa có tiền hàng",IF(P8<0,"Thu thừa",IF(P8=0,"Đã thu đủ",IF(O8>0,"Thu một phần","Chưa thu"))))) | T8: =IF(A8="","",IF(AND(F8="Đã giao",H8<>"Đã xuất"),"Đã giao - CHƯA XUẤT HĐ",IF(AND(H8="Đã xuất",F8="Chưa giao"),"Đã xuất HĐ - chưa giao",IF(F8="","Chưa cập nhật giao hàng",IF(R8>0,"Quá hạn "&R8&" ngày - đòi tiền",IF(P8>0,"Chờ thu tiền",IF(P8<0,"Kiểm tra thu thừa",IF(AND(F8="Đã giao",H8="Đã xuất"),"Hoàn tất","Theo dõi"))))))))
D9: =IF(C9="","",IFERROR(VLOOKUP(C9,KhachHang!$A$2:$B$200,2,FALSE())&"","")) | K9: =IF(A9="","",SUMIFS(ChiTiet!$I$2:$I$2000,ChiTiet!$A$2:$A$2000,A9)) | M9: =IF(A9="","",ROUND(K9*IF(L9="",0.08,L9),0)) | N9: =IF(A9="","",K9+M9) | O9: =IF(A9="","",SUMIFS(ThuTien!$D$2:$D$2000,ThuTien!$B$2:$B$2000,A9)) | P9: =IF(A9="","",N9-O9) | R9: =IF(A9="","",IF(AND(Q9<>"",P9>0,TODAY()>Q9),TODAY()-Q9,0)) | S9: =IF(A9="","",IF(N9=0,"Chưa có tiền hàng",IF(P9<0,"Thu thừa",IF(P9=0,"Đã thu đủ",IF(O9>0,"Thu một phần","Chưa thu"))))) | T9: =IF(A9="","",IF(AND(F9="Đã giao",H9<>"Đã xuất"),"Đã giao - CHƯA XUẤT HĐ",IF(AND(H9="Đã xuất",F9="Chưa giao"),"Đã xuất HĐ - chưa giao",IF(F9="","Chưa cập nhật giao hàng",IF(R9>0,"Quá hạn "&R9&" ngày - đòi tiền",IF(P9>0,"Chờ thu tiền",IF(P9<0,"Kiểm tra thu thừa",IF(AND(F9="Đã giao",H9="Đã xuất"),"Hoàn tất","Theo dõi"))))))))
D10: =IF(C10="","",IFERROR(VLOOKUP(C10,KhachHang!$A$2:$B$200,2,FALSE())&"","")) | K10: =IF(A10="","",SUMIFS(ChiTiet!$I$2:$I$2000,ChiTiet!$A$2:$A$2000,A10)) | M10: =IF(A10="","",ROUND(K10*IF(L10="",0.08,L10),0)) | N10: =IF(A10="","",K10+M10) | O10: =IF(A10="","",SUMIFS(ThuTien!$D$2:$D$2000,ThuTien!$B$2:$B$2000,A10)) | P10: =IF(A10="","",N10-O10) | R10: =IF(A10="","",IF(AND(Q10<>"",P10>0,TODAY()>Q10),TODAY()-Q10,0)) | S10: =IF(A10="","",IF(N10=0,"Chưa có tiền hàng",IF(P10<0,"Thu thừa",IF(P10=0,"Đã thu đủ",IF(O10>0,"Thu một phần","Chưa thu"))))) | T10: =IF(A10="","",IF(AND(F10="Đã giao",H10<>"Đã xuất"),"Đã giao - CHƯA XUẤT HĐ",IF(AND(H10="Đã xuất",F10="Chưa giao"),"Đã xuất HĐ - chưa giao",IF(F10="","Chưa cập nhật giao hàng",IF(R10>0,"Quá hạn "&R10&" ngày - đòi tiền",IF(P10>0,"Chờ thu tiền",IF(P10<0,"Kiểm tra thu thừa",IF(AND(F10="Đã giao",H10="Đã xuất"),"Hoàn tất","Theo dõi"))))))))
D11: =IF(C11="","",IFERROR(VLOOKUP(C11,KhachHang!$A$2:$B$200,2,FALSE())&"","")) | K11: =IF(A11="","",SUMIFS(ChiTiet!$I$2:$I$2000,ChiTiet!$A$2:$A$2000,A11)) | M11: =IF(A11="","",ROUND(K11*IF(L11="",0.08,L11),0)) | N11: =IF(A11="","",K11+M11) | O11: =IF(A11="","",SUMIFS(ThuTien!$D$2:$D$2000,ThuTien!$B$2:$B$2000,A11)) | P11: =IF(A11="","",N11-O11) | R11: =IF(A11="","",IF(AND(Q11<>"",P11>0,TODAY()>Q11),TODAY()-Q11,0)) | S11: =IF(A11="","",IF(N11=0,"Chưa có tiền hàng",IF(P11<0,"Thu thừa",IF(P11=0,"Đã thu đủ",IF(O11>0,"Thu một phần","Chưa thu"))))) | T11: =IF(A11="","",IF(AND(F11="Đã giao",H11<>"Đã xuất"),"Đã giao - CHƯA XUẤT HĐ",IF(AND(H11="Đã xuất",F11="Chưa giao"),"Đã xuất HĐ - chưa giao",IF(F11="","Chưa cập nhật giao hàng",IF(R11>0,"Quá hạn "&R11&" ngày - đòi tiền",IF(P11>0,"Chờ thu tiền",IF(P11<0,"Kiểm tra thu thừa",IF(AND(F11="Đã giao",H11="Đã xuất"),"Hoàn tất","Theo dõi"))))))))
D12: =IF(C12="","",IFERROR(VLOOKUP(C12,KhachHang!$A$2:$B$200,2,FALSE())&"","")) | K12: =IF(A12="","",SUMIFS(ChiTiet!$I$2:$I$2000,ChiTiet!$A$2:$A$2000,A12)) | M12: =IF(A12="","",ROUND(K12*IF(L12="",0.08,L12),0)) | N12: =IF(A12="","",K12+M12) | O12: =IF(A12="","",SUMIFS(ThuTien!$D$2:$D$2000,ThuTien!$B$2:$B$2000,A12)) | P12: =IF(A12="","",N12-O12) | R12: =IF(A12="","",IF(AND(Q12<>"",P12>0,TODAY()>Q12),TODAY()-Q12,0)) | S12: =IF(A12="","",IF(N12=0,"Chưa có tiền hàng",IF(P12<0,"Thu thừa",IF(P12=0,"Đã thu đủ",IF(O12>0,"Thu một phần","Chưa thu"))))) | T12: =IF(A12="","",IF(AND(F12="Đã giao",H12<>"Đã xuất"),"Đã giao - CHƯA XUẤT HĐ",IF(AND(H12="Đã xuất",F12="Chưa giao"),"Đã xuất HĐ - chưa giao",IF(F12="","Chưa cập nhật giao hàng",IF(R12>0,"Quá hạn "&R12&" ngày - đòi tiền",IF(P12>0,"Chờ thu tiền",IF(P12<0,"Kiểm tra thu thừa",IF(AND(F12="Đã giao",H12="Đã xuất"),"Hoàn tất","Theo dõi"))))))))
D13: =IF(C13="","",IFERROR(VLOOKUP(C13,KhachHang!$A$2:$B$200,2,FALSE())&"","")) | K13: =IF(A13="","",SUMIFS(ChiTiet!$I$2:$I$2000,ChiTiet!$A$2:$A$2000,A13)) | M13: =IF(A13="","",ROUND(K13*IF(L13="",0.08,L13),0)) | N13: =IF(A13="","",K13+M13) | O13: =IF(A13="","",SUMIFS(ThuTien!$D$2:$D$2000,ThuTien!$B$2:$B$2000,A13)) | P13: =IF(A13="","",N13-O13) | R13: =IF(A13="","",IF(AND(Q13<>"",P13>0,TODAY()>Q13),TODAY()-Q13,0)) | S13: =IF(A13="","",IF(N13=0,"Chưa có tiền hàng",IF(P13<0,"Thu thừa",IF(P13=0,"Đã thu đủ",IF(O13>0,"Thu một phần","Chưa thu"))))) | T13: =IF(A13="","",IF(AND(F13="Đã giao",H13<>"Đã xuất"),"Đã giao - CHƯA XUẤT HĐ",IF(AND(H13="Đã xuất",F13="Chưa giao"),"Đã xuất HĐ - chưa giao",IF(F13="","Chưa cập nhật giao hàng",IF(R13>0,"Quá hạn "&R13&" ngày - đòi tiền",IF(P13>0,"Chờ thu tiền",IF(P13<0,"Kiểm tra thu thừa",IF(AND(F13="Đã giao",H13="Đã xuất"),"Hoàn tất","Theo dõi"))))))))
D14: =IF(C14="","",IFERROR(VLOOKUP(C14,KhachHang!$A$2:$B$200,2,FALSE())&"","")) | K14: =IF(A14="","",SUMIFS(ChiTiet!$I$2:$I$2000,ChiTiet!$A$2:$A$2000,A14)) | M14: =IF(A14="","",ROUND(K14*IF(L14="",0.08,L14),0)) | N14: =IF(A14="","",K14+M14) | O14: =IF(A14="","",SUMIFS(ThuTien!$D$2:$D$2000,ThuTien!$B$2:$B$2000,A14)) | P14: =IF(A14="","",N14-O14) | R14: =IF(A14="","",IF(AND(Q14<>"",P14>0,TODAY()>Q14),TODAY()-Q14,0)) | S14: =IF(A14="","",IF(N14=0,"Chưa có tiền hàng",IF(P14<0,"Thu thừa",IF(P14=0,"Đã thu đủ",IF(O14>0,"Thu một phần","Chưa thu"))))) | T14: =IF(A14="","",IF(AND(F14="Đã giao",H14<>"Đã xuất"),"Đã giao - CHƯA XUẤT HĐ",IF(AND(H14="Đã xuất",F14="Chưa giao"),"Đã xuất HĐ - chưa giao",IF(F14="","Chưa cập nhật giao hàng",IF(R14>0,"Quá hạn "&R14&" ngày - đòi tiền",IF(P14>0,"Chờ thu tiền",IF(P14<0,"Kiểm tra thu thừa",IF(AND(F14="Đã giao",H14="Đã xuất"),"Hoàn tất","Theo dõi"))))))))
D15: =IF(C15="","",IFERROR(VLOOKUP(C15,KhachHang!$A$2:$B$200,2,FALSE())&"","")) | K15: =IF(A15="","",SUMIFS(ChiTiet!$I$2:$I$2000,ChiTiet!$A$2:$A$2000,A15)) | M15: =IF(A15="","",ROUND(K15*IF(L15="",0.08,L15),0)) | N15: =IF(A15="","",K15+M15) | O15: =IF(A15="","",SUMIFS(ThuTien!$D$2:$D$2000,ThuTien!$B$2:$B$2000,A15)) | P15: =IF(A15="","",N15-O15) | R15: =IF(A15="","",IF(AND(Q15<>"",P15>0,TODAY()>Q15),TODAY()-Q15,0)) | S15: =IF(A15="","",IF(N15=0,"Chưa có tiền hàng",IF(P15<0,"Thu thừa",IF(P15=0,"Đã thu đủ",IF(O15>0,"Thu một phần","Chưa thu"))))) | T15: =IF(A15="","",IF(AND(F15="Đã giao",H15<>"Đã xuất"),"Đã giao - CHƯA XUẤT HĐ",IF(AND(H15="Đã xuất",F15="Chưa giao"),"Đã xuất HĐ - chưa giao",IF(F15="","Chưa cập nhật giao hàng",IF(R15>0,"Quá hạn "&R15&" ngày - đòi tiền",IF(P15>0,"Chờ thu tiền",IF(P15<0,"Kiểm tra thu thừa",IF(AND(F15="Đã giao",H15="Đã xuất"),"Hoàn tất","Theo dõi"))))))))
D16: =IF(C16="","",IFERROR(VLOOKUP(C16,KhachHang!$A$2:$B$200,2,FALSE())&"","")) | K16: =IF(A16="","",SUMIFS(ChiTiet!$I$2:$I$2000,ChiTiet!$A$2:$A$2000,A16)) | M16: =IF(A16="","",ROUND(K16*IF(L16="",0.08,L16),0)) | N16: =IF(A16="","",K16+M16) | O16: =IF(A16="","",SUMIFS(ThuTien!$D$2:$D$2000,ThuTien!$B$2:$B$2000,A16)) | P16: =IF(A16="","",N16-O16) | R16: =IF(A16="","",IF(AND(Q16<>"",P16>0,TODAY()>Q16),TODAY()-Q16,0)) | S16: =IF(A16="","",IF(N16=0,"Chưa có tiền hàng",IF(P16<0,"Thu thừa",IF(P16=0,"Đã thu đủ",IF(O16>0,"Thu một phần","Chưa thu"))))) | T16: =IF(A16="","",IF(AND(F16="Đã giao",H16<>"Đã xuất"),"Đã giao - CHƯA XUẤT HĐ",IF(AND(H16="Đã xuất",F16="Chưa giao"),"Đã xuất HĐ - chưa giao",IF(F16="","Chưa cập nhật giao hàng",IF(R16>0,"Quá hạn "&R16&" ngày - đòi tiền",IF(P16>0,"Chờ thu tiền",IF(P16<0,"Kiểm tra thu thừa",IF(AND(F16="Đã giao",H16="Đã xuất"),"Hoàn tất","Theo dõi"))))))))
D17: =IF(C17="","",IFERROR(VLOOKUP(C17,KhachHang!$A$2:$B$200,2,FALSE())&"","")) | K17: =IF(A17="","",SUMIFS(ChiTiet!$I$2:$I$2000,ChiTiet!$A$2:$A$2000,A17)) | M17: =IF(A17="","",ROUND(K17*IF(L17="",0.08,L17),0)) | N17: =IF(A17="","",K17+M17) | O17: =IF(A17="","",SUMIFS(ThuTien!$D$2:$D$2000,ThuTien!$B$2:$B$2000,A17)) | P17: =IF(A17="","",N17-O17) | R17: =IF(A17="","",IF(AND(Q17<>"",P17>0,TODAY()>Q17),TODAY()-Q17,0)) | S17: =IF(A17="","",IF(N17=0,"Chưa có tiền hàng",IF(P17<0,"Thu thừa",IF(P17=0,"Đã thu đủ",IF(O17>0,"Thu một phần","Chưa thu"))))) | T17: =IF(A17="","",IF(AND(F17="Đã giao",H17<>"Đã xuất"),"Đã giao - CHƯA XUẤT HĐ",IF(AND(H17="Đã xuất",F17="Chưa giao"),"Đã xuất HĐ - chưa giao",IF(F17="","Chưa cập nhật giao hàng",IF(R17>0,"Quá hạn "&R17&" ngày - đòi tiền",IF(P17>0,"Chờ thu tiền",IF(P17<0,"Kiểm tra thu thừa",IF(AND(F17="Đã giao",H17="Đã xuất"),"Hoàn tất","Theo dõi"))))))))
... D500: =IF(C500="","",IFERROR(VLOOKUP(C500,KhachHang!$A$2:$B$200,2,FALSE())&"","")) | K500: =IF(A500="","",SUMIFS(ChiTiet!$I$2:$I$2000,ChiTiet!$A$2:$A$2000,A500)) | M500: =IF(A500="","",ROUND(K500*IF(L500="",0.08,L500),0)) | N500: =IF(A500="","",K500+M500) | O500: =IF(A500="","",SUMIFS(ThuTien!$D$2:$D$2000,ThuTien!$B$2:$B$2000,A500)) | P500: =IF(A500="","",N500-O500) | R500: =IF(A500="","",IF(AND(Q500<>"",P500>0,TODAY()>Q500),TODAY()-Q500,0)) | S500: =IF(A500="","",IF(N500=0,"Chưa có tiền hàng",IF(P500<0,"Thu thừa",IF(P500=0,"Đã thu đủ",IF(O500>0,"Thu một phần","Chưa thu"))))) | T500: =IF(A500="","",IF(AND(F500="Đã giao",H500<>"Đã xuất"),"Đã giao - CHƯA XUẤT HĐ",IF(AND(H500="Đã xuất",F500="Chưa giao"),"Đã xuất HĐ - chưa giao",IF(F500="","Chưa cập nhật giao hàng",IF(R500>0,"Quá hạn "&R500&" ngày - đòi tiền",IF(P500>0,"Chờ thu tiền",IF(P500<0,"Kiểm tra thu thừa",IF(AND(F500="Đã giao",H500="Đã xuất"),"Hoàn tất","Theo dõi"))))))))

Sheet ChiTiet
A1: Mã đơn | B1: Khách hàng | C1: Mã kho | D1: Mã hàng / Tên hàng, model | E1: ĐVT | F1: Số lượng | G1: Đơn giá (chưa VAT) | H1: Ghi chú | I1: Thành tiền
A2: ĐH-2610-001 | B2: =IF(A2="","",IFERROR(VLOOKUP(A2,DonHang!$A$2:$C$500,3,FALSE()),"mã đơn chưa có")) -> CÔNG TY CỔ PHẦN CÔNG NGHỆ FATA | C2: KHH | D2: Máy bơm nước ly tâm trục ngang AQUARIS CM65-160/15 | E2: cái | F2: 4 | G2: 28200000 | I2: =IF(OR(F2="",G2=""),"",ROUND(F2*G2,0)) -> 112800000
A3: ĐH-2610-001 | B3: =IF(A3="","",IFERROR(VLOOKUP(A3,DonHang!$A$2:$C$500,3,FALSE()),"mã đơn chưa có")) -> CÔNG TY CỔ PHẦN CÔNG NGHỆ FATA | C3: KHH | D3: Máy bơm nước trục rời AQUARIS AQR65-200/15 | E3: cái | F3: 4 | G3: 39200000 | I3: =IF(OR(F3="",G3=""),"",ROUND(F3*G3,0)) -> 156800000
A4: ĐH-2610-002 | B4: =IF(A4="","",IFERROR(VLOOKUP(A4,DonHang!$A$2:$C$500,3,FALSE()),"mã đơn chưa có")) -> CÔNG TY TNHH HOÀNG VIÊN QUẢNG BÁ | C4: KHH | D4: Bơm chìm nước thải PEROTAC 65WC25-15-2.2 | E4: cái | F4: 2 | G4: 5800000 | I4: =IF(OR(F4="",G4=""),"",ROUND(F4*G4,0)) -> 11600000
A5: ĐH-2609-001 | B5: =IF(A5="","",IFERROR(VLOOKUP(A5,DonHang!$A$2:$C$500,3,FALSE()),"mã đơn chưa có")) -> CÔNG TY TNHH TIẾN ĐẠI | C5: KHH | D5: Máy bơm nước SVm-1500F | E5: cái | F5: 2 | G5: 4500000 | I5: =IF(OR(F5="",G5=""),"",ROUND(F5*G5,0)) -> 9000000
A6: ĐH-2609-001 | B6: =IF(A6="","",IFERROR(VLOOKUP(A6,DonHang!$A$2:$C$500,3,FALSE()),"mã đơn chưa có")) -> CÔNG TY TNHH TIẾN ĐẠI | C6: KHH | D6: Ống cốt dù phủ nhựa PVC DK65mm | E6: mét | F6: 100 | G6: 17000 | I6: =IF(OR(F6="",G6=""),"",ROUND(F6*G6,0)) -> 1700000
A7: ĐH-2610-003 | B7: =IF(A7="","",IFERROR(VLOOKUP(A7,DonHang!$A$2:$C$500,3,FALSE()),"mã đơn chưa có")) -> Công ty TNHH vật tư thiết bị Thu Liên | C7: KHH | D7: Máy bơm hỏa tiễn 6SA35/6 | E7: cái | F7: 2 | I7: =IF(OR(F7="",G7=""),"",ROUND(F7*G7,0))
A8: ĐH-2610-003 | B8: =IF(A8="","",IFERROR(VLOOKUP(A8,DonHang!$A$2:$C$500,3,FALSE()),"mã đơn chưa có")) -> Công ty TNHH vật tư thiết bị Thu Liên | C8: KHH | D8: Máy bơm chìm 200WQ600-12-37 | E8: cái | F8: 2 | I8: =IF(OR(F8="",G8=""),"",ROUND(F8*G8,0))
B9: =IF(A9="","",IFERROR(VLOOKUP(A9,DonHang!$A$2:$C$500,3,FALSE()),"mã đơn chưa có")) | I9: =IF(OR(F9="",G9=""),"",ROUND(F9*G9,0))
B10: =IF(A10="","",IFERROR(VLOOKUP(A10,DonHang!$A$2:$C$500,3,FALSE()),"mã đơn chưa có")) | I10: =IF(OR(F10="",G10=""),"",ROUND(F10*G10,0))
B11: =IF(A11="","",IFERROR(VLOOKUP(A11,DonHang!$A$2:$C$500,3,FALSE()),"mã đơn chưa có")) | I11: =IF(OR(F11="",G11=""),"",ROUND(F11*G11,0))
B12: =IF(A12="","",IFERROR(VLOOKUP(A12,DonHang!$A$2:$C$500,3,FALSE()),"mã đơn chưa có")) | I12: =IF(OR(F12="",G12=""),"",ROUND(F12*G12,0))
B13: =IF(A13="","",IFERROR(VLOOKUP(A13,DonHang!$A$2:$C$500,3,FALSE()),"mã đơn chưa có")) | I13: =IF(OR(F13="",G13=""),"",ROUND(F13*G13,0))
B14: =IF(A14="","",IFERROR(VLOOKUP(A14,DonHang!$A$2:$C$500,3,FALSE()),"mã đơn chưa có")) | I14: =IF(OR(F14="",G14=""),"",ROUND(F14*G14,0))
B15: =IF(A15="","",IFERROR(VLOOKUP(A15,DonHang!$A$2:$C$500,3,FALSE()),"mã đơn chưa có")) | I15: =IF(OR(F15="",G15=""),"",ROUND(F15*G15,0))
B16: =IF(A16="","",IFERROR(VLOOKUP(A16,DonHang!$A$2:$C$500,3,FALSE()),"mã đơn chưa có")) | I16: =IF(OR(F16="",G16=""),"",ROUND(F16*G16,0))
B17: =IF(A17="","",IFERROR(VLOOKUP(A17,DonHang!$A$2:$C$500,3,FALSE()),"mã đơn chưa có")) | I17: =IF(OR(F17="",G17=""),"",ROUND(F17*G17,0))
B18: =IF(A18="","",IFERROR(VLOOKUP(A18,DonHang!$A$2:$C$500,3,FALSE()),"mã đơn chưa có")) | I18: =IF(OR(F18="",G18=""),"",ROUND(F18*G18,0))
B19: =IF(A19="","",IFERROR(VLOOKUP(A19,DonHang!$A$2:$C$500,3,FALSE()),"mã đơn chưa có")) | I19: =IF(OR(F19="",G19=""),"",ROUND(F19*G19,0))
B20: =IF(A20="","",IFERROR(VLOOKUP(A20,DonHang!$A$2:$C$500,3,FALSE()),"mã đơn chưa có")) | I20: =IF(OR(F20="",G20=""),"",ROUND(F20*G20,0))
... B2000: =IF(A2000="","",IFERROR(VLOOKUP(A2000,DonHang!$A$2:$C$500,3,FALSE()),"mã đơn chưa có")) | I2000: =IF(OR(F2000="",G2000=""),"",ROUND(F2000*G2000,0))

Sheet ThuTien
A1: Ngày thu | B1: Mã đơn | C1: Khách hàng | D1: Số tiền thu | E1: Hình thức | F1: Số chứng từ / nội dung | G1: Ghi chú
B2: ĐH-2610-001 | C2: =IF(B2="","",IFERROR(VLOOKUP(B2,DonHang!$A$2:$C$500,3,FALSE()),"mã đơn chưa có")) -> CÔNG TY CỔ PHẦN CÔNG NGHỆ FATA | D2: 130356000 | E2: Chuyển khoản | F2: 50% hợp đồng gốc (theo công nợ FATA) | G2: VÍ DỤ thật: ngày thu chưa rõ, anh điền
C3: =IF(B3="","",IFERROR(VLOOKUP(B3,DonHang!$A$2:$C$500,3,FALSE()),"mã đơn chưa có"))
C4: =IF(B4="","",IFERROR(VLOOKUP(B4,DonHang!$A$2:$C$500,3,FALSE()),"mã đơn chưa có"))
C5: =IF(B5="","",IFERROR(VLOOKUP(B5,DonHang!$A$2:$C$500,3,FALSE()),"mã đơn chưa có"))
C6: =IF(B6="","",IFERROR(VLOOKUP(B6,DonHang!$A$2:$C$500,3,FALSE()),"mã đơn chưa có"))
C7: =IF(B7="","",IFERROR(VLOOKUP(B7,DonHang!$A$2:$C$500,3,FALSE()),"mã đơn chưa có"))
C8: =IF(B8="","",IFERROR(VLOOKUP(B8,DonHang!$A$2:$C$500,3,FALSE()),"mã đơn chưa có"))
C9: =IF(B9="","",IFERROR(VLOOKUP(B9,DonHang!$A$2:$C$500,3,FALSE()),"mã đơn chưa có"))
C10: =IF(B10="","",IFERROR(VLOOKUP(B10,DonHang!$A$2:$C$500,3,FALSE()),"mã đơn chưa có"))
C11: =IF(B11="","",IFERROR(VLOOKUP(B11,DonHang!$A$2:$C$500,3,FALSE()),"mã đơn chưa có"))
C12: =IF(B12="","",IFERROR(VLOOKUP(B12,DonHang!$A$2:$C$500,3,FALSE()),"mã đơn chưa có"))
C13: =IF(B13="","",IFERROR(VLOOKUP(B13,DonHang!$A$2:$C$500,3,FALSE()),"mã đơn chưa có"))
C14: =IF(B14="","",IFERROR(VLOOKUP(B14,DonHang!$A$2:$C$500,3,FALSE()),"mã đơn chưa có"))
... C2000: =IF(B2000="","",IFERROR(VLOOKUP(B2000,DonHang!$A$2:$C$500,3,FALSE()),"mã đơn chưa có"))

Sheet KhachHang
A1: Tên khách hàng | B1: MST | C1: Địa chỉ | D1: Điện thoại / kế toán | E1: Số đơn | F1: Tổng phải thu | G1: Đã thu | H1: Còn nợ | I1: Còn nợ quá hạn | J1: Ghi chú
A2: CÔNG TY CỔ PHẦN CÔNG NGHỆ FATA | B2: 2601102666 | C2: Lô CN01, KCN Thụy Vân, xã Hy Cương, tỉnh Phú Thọ | D2: 0912 455 310 | E2: =IF(A2="","",COUNTIFS(DonHang!$C$2:$C$500,A2)) -> 1 | F2: =IF(A2="","",SUMIFS(DonHang!$N$2:$N$500,DonHang!$C$2:$C$500,A2)) -> 291168000 | G2: =IF(A2="","",SUMIFS(DonHang!$O$2:$O$500,DonHang!$C$2:$C$500,A2)) -> 130356000 | H2: =IF(A2="","",F2-G2) -> 160812000 | I2: =IF(A2="","",SUMIFS(DonHang!$P$2:$P$500,DonHang!$C$2:$C$500,A2,DonHang!$R$2:$R$500,">0")) -> 0
A3: CÔNG TY TNHH HOÀNG VIÊN QUẢNG BÁ | B3: 0100143403 | C3: Số 96, đường Tô Ngọc Vân, Phường Tây Hồ, TP Hà Nội | D3: (84-24)37180888 | E3: =IF(A3="","",COUNTIFS(DonHang!$C$2:$C$500,A3)) -> 1 | F3: =IF(A3="","",SUMIFS(DonHang!$N$2:$N$500,DonHang!$C$2:$C$500,A3)) -> 12528000 | G3: =IF(A3="","",SUMIFS(DonHang!$O$2:$O$500,DonHang!$C$2:$C$500,A3)) -> 0 | H3: =IF(A3="","",F3-G3) -> 12528000 | I3: =IF(A3="","",SUMIFS(DonHang!$P$2:$P$500,DonHang!$C$2:$C$500,A3,DonHang!$R$2:$R$500,">0")) -> 0
A4: CÔNG TY TNHH TIẾN ĐẠI | B4: 0200447853 | C4: Thôn Câu Đông, xã An Quang, TP Hải Phòng | D4: Ms Luyến 0915.264.659; Ms Hương 0915.144.219 | E4: =IF(A4="","",COUNTIFS(DonHang!$C$2:$C$500,A4)) -> 1 | F4: =IF(A4="","",SUMIFS(DonHang!$N$2:$N$500,DonHang!$C$2:$C$500,A4)) -> 11556000 | G4: =IF(A4="","",SUMIFS(DonHang!$O$2:$O$500,DonHang!$C$2:$C$500,A4)) -> 0 | H4: =IF(A4="","",F4-G4) -> 11556000 | I4: =IF(A4="","",SUMIFS(DonHang!$P$2:$P$500,DonHang!$C$2:$C$500,A4,DonHang!$R$2:$R$500,">0")) -> 0
A5: Công ty TNHH vật tư thiết bị Thu Liên | C5: Hà Nội | E5: =IF(A5="","",COUNTIFS(DonHang!$C$2:$C$500,A5)) -> 1 | F5: =IF(A5="","",SUMIFS(DonHang!$N$2:$N$500,DonHang!$C$2:$C$500,A5)) -> 0 | G5: =IF(A5="","",SUMIFS(DonHang!$O$2:$O$500,DonHang!$C$2:$C$500,A5)) -> 0 | H5: =IF(A5="","",F5-G5) -> 0 | I5: =IF(A5="","",SUMIFS(DonHang!$P$2:$P$500,DonHang!$C$2:$C$500,A5,DonHang!$R$2:$R$500,">0")) -> 0
E6: =IF(A6="","",COUNTIFS(DonHang!$C$2:$C$500,A6)) | F6: =IF(A6="","",SUMIFS(DonHang!$N$2:$N$500,DonHang!$C$2:$C$500,A6)) | G6: =IF(A6="","",SUMIFS(DonHang!$O$2:$O$500,DonHang!$C$2:$C$500,A6)) | H6: =IF(A6="","",F6-G6) | I6: =IF(A6="","",SUMIFS(DonHang!$P$2:$P$500,DonHang!$C$2:$C$500,A6,DonHang!$R$2:$R$500,">0"))
E7: =IF(A7="","",COUNTIFS(DonHang!$C$2:$C$500,A7)) | F7: =IF(A7="","",SUMIFS(DonHang!$N$2:$N$500,DonHang!$C$2:$C$500,A7)) | G7: =IF(A7="","",SUMIFS(DonHang!$O$2:$O$500,DonHang!$C$2:$C$500,A7)) | H7: =IF(A7="","",F7-G7) | I7: =IF(A7="","",SUMIFS(DonHang!$P$2:$P$500,DonHang!$C$2:$C$500,A7,DonHang!$R$2:$R$500,">0"))
E8: =IF(A8="","",COUNTIFS(DonHang!$C$2:$C$500,A8)) | F8: =IF(A8="","",SUMIFS(DonHang!$N$2:$N$500,DonHang!$C$2:$C$500,A8)) | G8: =IF(A8="","",SUMIFS(DonHang!$O$2:$O$500,DonHang!$C$2:$C$500,A8)) | H8: =IF(A8="","",F8-G8) | I8: =IF(A8="","",SUMIFS(DonHang!$P$2:$P$500,DonHang!$C$2:$C$500,A8,DonHang!$R$2:$R$500,">0"))
E9: =IF(A9="","",COUNTIFS(DonHang!$C$2:$C$500,A9)) | F9: =IF(A9="","",SUMIFS(DonHang!$N$2:$N$500,DonHang!$C$2:$C$500,A9)) | G9: =IF(A9="","",SUMIFS(DonHang!$O$2:$O$500,DonHang!$C$2:$C$500,A9)) | H9: =IF(A9="","",F9-G9) | I9: =IF(A9="","",SUMIFS(DonHang!$P$2:$P$500,DonHang!$C$2:$C$500,A9,DonHang!$R$2:$R$500,">0"))
E10: =IF(A10="","",COUNTIFS(DonHang!$C$2:$C$500,A10)) | F10: =IF(A10="","",SUMIFS(DonHang!$N$2:$N$500,DonHang!$C$2:$C$500,A10)) | G10: =IF(A10="","",SUMIFS(DonHang!$O$2:$O$500,DonHang!$C$2:$C$500,A10)) | H10: =IF(A10="","",F10-G10) | I10: =IF(A10="","",SUMIFS(DonHang!$P$2:$P$500,DonHang!$C$2:$C$500,A10,DonHang!$R$2:$R$500,">0"))
E11: =IF(A11="","",COUNTIFS(DonHang!$C$2:$C$500,A11)) | F11: =IF(A11="","",SUMIFS(DonHang!$N$2:$N$500,DonHang!$C$2:$C$500,A11)) | G11: =IF(A11="","",SUMIFS(DonHang!$O$2:$O$500,DonHang!$C$2:$C$500,A11)) | H11: =IF(A11="","",F11-G11) | I11: =IF(A11="","",SUMIFS(DonHang!$P$2:$P$500,DonHang!$C$2:$C$500,A11,DonHang!$R$2:$R$500,">0"))
E12: =IF(A12="","",COUNTIFS(DonHang!$C$2:$C$500,A12)) | F12: =IF(A12="","",SUMIFS(DonHang!$N$2:$N$500,DonHang!$C$2:$C$500,A12)) | G12: =IF(A12="","",SUMIFS(DonHang!$O$2:$O$500,DonHang!$C$2:$C$500,A12)) | H12: =IF(A12="","",F12-G12) | I12: =IF(A12="","",SUMIFS(DonHang!$P$2:$P$500,DonHang!$C$2:$C$500,A12,DonHang!$R$2:$R$500,">0"))
E13: =IF(A13="","",COUNTIFS(DonHang!$C$2:$C$500,A13)) | F13: =IF(A13="","",SUMIFS(DonHang!$N$2:$N$500,DonHang!$C$2:$C$500,A13)) | G13: =IF(A13="","",SUMIFS(DonHang!$O$2:$O$500,DonHang!$C$2:$C$500,A13)) | H13: =IF(A13="","",F13-G13) | I13: =IF(A13="","",SUMIFS(DonHang!$P$2:$P$500,DonHang!$C$2:$C$500,A13,DonHang!$R$2:$R$500,">0"))
E14: =IF(A14="","",COUNTIFS(DonHang!$C$2:$C$500,A14)) | F14: =IF(A14="","",SUMIFS(DonHang!$N$2:$N$500,DonHang!$C$2:$C$500,A14)) | G14: =IF(A14="","",SUMIFS(DonHang!$O$2:$O$500,DonHang!$C$2:$C$500,A14)) | H14: =IF(A14="","",F14-G14) | I14: =IF(A14="","",SUMIFS(DonHang!$P$2:$P$500,DonHang!$C$2:$C$500,A14,DonHang!$R$2:$R$500,">0"))
E15: =IF(A15="","",COUNTIFS(DonHang!$C$2:$C$500,A15)) | F15: =IF(A15="","",SUMIFS(DonHang!$N$2:$N$500,DonHang!$C$2:$C$500,A15)) | G15: =IF(A15="","",SUMIFS(DonHang!$O$2:$O$500,DonHang!$C$2:$C$500,A15)) | H15: =IF(A15="","",F15-G15) | I15: =IF(A15="","",SUMIFS(DonHang!$P$2:$P$500,DonHang!$C$2:$C$500,A15,DonHang!$R$2:$R$500,">0"))
E16: =IF(A16="","",COUNTIFS(DonHang!$C$2:$C$500,A16)) | F16: =IF(A16="","",SUMIFS(DonHang!$N$2:$N$500,DonHang!$C$2:$C$500,A16)) | G16: =IF(A16="","",SUMIFS(DonHang!$O$2:$O$500,DonHang!$C$2:$C$500,A16)) | H16: =IF(A16="","",F16-G16) | I16: =IF(A16="","",SUMIFS(DonHang!$P$2:$P$500,DonHang!$C$2:$C$500,A16,DonHang!$R$2:$R$500,">0"))
E17: =IF(A17="","",COUNTIFS(DonHang!$C$2:$C$500,A17)) | F17: =IF(A17="","",SUMIFS(DonHang!$N$2:$N$500,DonHang!$C$2:$C$500,A17)) | G17: =IF(A17="","",SUMIFS(DonHang!$O$2:$O$500,DonHang!$C$2:$C$500,A17)) | H17: =IF(A17="","",F17-G17) | I17: =IF(A17="","",SUMIFS(DonHang!$P$2:$P$500,DonHang!$C$2:$C$500,A17,DonHang!$R$2:$R$500,">0"))
... E200: =IF(A200="","",COUNTIFS(DonHang!$C$2:$C$500,A200)) | F200: =IF(A200="","",SUMIFS(DonHang!$N$2:$N$500,DonHang!$C$2:$C$500,A200)) | G200: =IF(A200="","",SUMIFS(DonHang!$O$2:$O$500,DonHang!$C$2:$C$500,A200)) | H200: =IF(A200="","",F200-G200) | I200: =IF(A200="","",SUMIFS(DonHang!$P$2:$P$500,DonHang!$C$2:$C$500,A200,DonHang!$R$2:$R$500,">0"))

Sheet HuongDan
A1: CÁCH DÙNG (5 bước)
A2: 1. KhachHang: thêm khách mới ở dòng trống đầu tiên (tên, MST, địa chỉ). Tên này sẽ hiện trong danh sách chọn ở DonHang.
A3: 2. DonHang: mỗi đơn một dòng, gõ Mã đơn (ví dụ ĐH-2610-001: ĐH - năm tháng - số thứ tự), ngày, chọn khách, ghi số báo giá/hợp đồng.
A4: 3. ChiTiet: mỗi mã hàng một dòng. Chọn Mã đơn, gõ mã hàng/model, ĐVT, số lượng, đơn giá CHƯA VAT. Thành tiền tự tính. Một đơn có bao nhiêu mã hàng cũng được.
A5: 4. DonHang: chọn 'Giao hàng' (Chưa giao / Giao một phần / Đã giao) và 'Xuất hóa đơn' (Chưa xuất / Đã xuất), gõ số hóa đơn, ngày, hạn thanh toán.
A6: 5. ThuTien: mỗi lần khách trả tiền một dòng (ngày, mã đơn, số tiền). Một đơn trả nhiều lần cũng được. Còn nợ tự tính.
A8: Ô màu xám là công thức, KHÔNG gõ vào. Ô trắng là chỗ nhập. Dòng vàng nhạt/ví dụ: xóa hoặc ghi đè khi dùng thật.
A9: VAT mặc định 8% (ô VAT % để trống). Đơn có VAT khác thì gõ vào, ví dụ 10%.
A10: Cột 'Cần làm' tự báo: Đã giao - CHƯA XUẤT HĐ (đỏ cam), Quá hạn (đỏ), Chưa giao (vàng), Hoàn tất (xanh lá).
A11: Quá hạn tính từ 'Hạn thanh toán' tới hôm nay (theo ngày máy tính). Để trống hạn thì không tính quá hạn.
A12: Dựng sẵn công thức cho 500 đơn, 2.000 dòng hàng, 2.000 lần thu, 200 khách. Cần thêm: kéo công thức của dòng cuối xuống.
A13: Số tiền VAT làm tròn đồng theo từng đơn; nếu hóa đơn lệch vài đồng so với bảng thì ghi chú ở cột Ghi chú.
